FIPS,relover65,nonrelatives,college,samehouse,employed,income,rent,pop
01073,0.8,4,23.4,83.4,61.8,43809,782,658466
04013,0.9,6.8,25.3,79.7,64.3,51976,921,3817117
04021,0.9,5.5,27.6,80.2,51.9,48794,965,375770
04027,1.1,3.8,26.4,81.5,54.7,41060,827,195751
05001,0.6,,,,,,,19019
05003,0.8,2.4,21.6,87.1,56.2,38725,547,21853
05005,0.8,4.5,27,86.8,46.4,34256,590,41513
05007,0.6,4,20.3,82.1,64.3,53964,757,221339
05009,0.7,3,26.5,84.8,55.8,36800,553,36903
05011,0.7,,,,,,,11508
05015,0.8,4.6,23.3,78.4,57.2,35263,654,27446
05027,0.7,5.2,21.9,83.5,55.4,33796,560,24552
05031,0.6,6.6,22.7,74.9,63,40907,639,96443
05033,0.7,3.4,23.4,84.2,57.5,38495,600,61948
05035,0.9,3.3,24.2,79.8,63.3,36398,650,50902
05037,0.7,,,,,,,17870
05041,0.8,,,,,,,13008
05043,0.6,,,,,,,18509
05045,0.6,7.4,23.7,82.2,66.8,50066,692,113237
05047,0.7,,,,,,,18125
05051,0.8,5.3,24.9,81.1,55.4,38201,726,96024
05057,0.9,4.2,25.2,85.7,61.1,29849,591,22609
05059,0.7,6.3,21.2,87.8,56.9,41016,645,32923
05061,0.7,,,,,,,13789
05063,0.7,6.7,21.6,84.7,58.2,33058,584,36647
05069,0.8,4.2,22.6,83.3,57.2,37485,646,77435
05071,0.7,3.8,18.6,86.9,57.3,32389,609,25540
05081,0.6,,,,,,,13171
05083,0.7,3.8,22.2,87.4,55.3,36113,504,22353
05085,0.7,3.3,24.2,86.6,66.7,50730,685,68356
05087,0.8,,,,,,,15717
05091,0.7,2.7,23.6,79.3,59.6,38380,662,43462
05093,0.7,4.7,21,82.3,57.7,36226,599,46480
05101,0.9,,,,,,,8330
05103,0.8,2.1,21.5,89.5,57.3,32668,561,26120
05107,0.9,3.9,23.2,85.7,56.6,27337,605,21757
05111,0.7,5.3,19.9,78.5,55.5,30016,521,24583
05113,0.7,3.4,28.9,92,53.7,32830,501,20662
05115,0.6,3.9,22.6,82.6,62.2,39471,606,61754
05119,0.7,5.5,23.4,83,65.4,45256,759,382748
05123,0.7,3.1,23.4,81.7,51.1,32771,590,28258
05125,0.7,3.7,23.4,88.4,64,54847,781,107118
05127,0.8,,,,,,,11233
05131,0.7,4.7,24.3,84.7,60.7,39106,614,125744
05133,0.7,,,,,,,17058
05135,0.7,,,,,,,17264
05137,0.7,,,,,,,12394
05139,0.7,3.5,21.4,87.1,56.4,39300,603,41639
05141,0.8,,,,,,,17295
05143,0.6,6.1,22,75.2,67,40511,685,203065
05145,0.7,3.6,21.9,86.7,57.4,41839,600,77076
05149,0.8,4.1,17.4,89.7,55.3,38130,519,22185
08001,0.9,6.1,22.8,81.9,71,55004,965,441603
08005,0.8,5.4,23.6,80.1,72,59978,964,572003
08007,0.5,,,,,,,12084
08009,0.5,,,,,,,3788
08013,0.5,10.3,17.5,76.5,70.3,66783,1082,294567
08014,0.7,5.3,22.2,82.8,73.7,77239,1137,55889
08031,0.6,9.5,18.7,76.4,71.1,49049,863,600158
08035,0.6,3.7,20.5,85.4,75.1,98327,1237,285465
08037,0.4,11.6,16.2,88.2,82.2,68105,1171,52197
08041,0.6,5.5,26.1,77.4,68.8,55435,887,622263
08043,0.6,3.4,24.2,83.2,38.7,39426,698,46824
08045,0.6,6.7,25.8,78.5,74,53992,1112,56389
08059,0.6,5.5,22.6,84.1,69.9,67060,955,534543
08069,0.5,8.5,23,79.1,69,56274,955,299630
08075,0.3,4.2,23.1,80.3,67.7,41740,593,22709
08077,0.7,5.9,25.9,82,63.7,47531,821,146723
08081,0.6,,,,,,,13795
08085,0.6,5.4,23.7,83.3,61.7,45078,812,41276
08087,0.7,4.5,24,79.5,66.3,42996,679,28159
08089,0.7,,,,,,,18831
08097,0.2,,,,,,,17148
08099,0.6,,,,,,,12551
08101,0.7,6.1,26,82.2,58.9,40617,722,159063
08107,0.3,7.3,25,81.5,76.2,60965,1145,23509
08117,0.2,12.5,24.7,78.4,80,60577,1117,27994
08121,0.5,,,,,,,4814
08123,0.7,6,24.5,81.5,67.5,54459,835,252825
09001,1.1,4.8,15.6,88.5,68.4,79705,1272,916829
09003,1,5,18.1,87.2,67.7,63136,952,894014
09005,1,4.6,19.3,91.1,69.6,69138,925,189927
09007,1,4.8,18.6,89.9,68.9,75225,1026,165676
09009,1.2,5.2,18.1,88,67.2,60105,1042,862477
09011,0.9,5.4,20.2,85.6,67.9,65499,974,274055
09013,0.7,5.6,18.1,86.2,67.9,79105,1015,152691
09015,0.9,6.8,19.2,87.6,68.3,57628,848,118428
10001,0.9,5.8,21.6,86.5,63.7,54413,962,162310
10003,1,6.2,19.8,85.1,66.2,63152,995,538479
10005,0.9,7.2,19.4,88.6,58.2,52338,924,197145
16001,0.6,5.9,27.6,82.9,67.6,52697,800,392365
16005,0.5,6,27.3,79.6,65,42276,601,82839
16007,0.4,,,,,,,5986
16009,0.7,,,,,,,9285
16011,0.5,2.9,27.3,88,63.6,47684,601,45607
16017,0.7,6.4,30,86,54.1,39725,731,40877
16019,0.5,3.5,27,84.5,66.5,50447,675,104234
16027,0.6,5.2,25.9,80.6,63.3,41569,714,188923
16031,0.5,3.6,27.3,80.1,63,43069,508,22952
16035,0.6,,,,,,,8761
16037,0.3,,,,,,,4368
16039,0.5,3.4,29.7,79.6,66.1,41077,701,27038
16041,0.3,,,,,,,12786
16045,0.8,,,,,,,16719
16047,0.7,,,,,,,15464
16051,0.4,2.6,27,90.8,67.1,50022,631,26140
16053,0.5,3.7,21.4,86.5,63.9,40721,667,22374
16055,0.6,7.2,29.7,81.5,63.2,46941,795,138494
16065,0.2,19,28.3,59.8,61.4,32578,626,37536
16067,0.6,3.7,25.6,87.7,64.9,42896,555,20069
16075,0.6,3.6,26.4,86.1,61.5,40172,643,22623
16079,0.6,,,,,,,12765
16083,0.6,6.5,27.5,79.1,62.4,41778,686,77230
17201,0.7,5.7,23,86.9,65.1,46747,735,295266
19013,0.3,8.5,19.7,82.9,67.4,45576,658,131090
19049,0.3,4.8,18,85.8,73.3,70404,841,66135
19055,0.2,,,,,,,17764
19061,0.4,5.3,19.6,87.2,69.6,51171,668,93653
19065,0.4,5.2,17.8,85.7,62.3,44472,512,20880
19101,0.4,,,,,,,16843
19103,0.3,12,17.9,72.4,71.5,52935,823,130882
19109,0.2,,,,,,,15543
19111,0.4,5.6,21.7,89.5,62.3,41405,558,35862
19113,0.4,6.8,23.4,84.6,70.9,57173,662,211226
19123,0.4,5.9,21.1,83,67.9,48420,570,22381
19125,0.4,2.3,24.1,85.8,67.4,53588,638,33309
19127,0.4,4.4,22.5,85.6,66.7,51550,622,40648
19139,0.5,6,24.7,86.7,65.4,47643,726,42745
19145,0.4,,,,,,,15932
19153,0.5,5.6,21,82.6,72.7,56992,762,430640
19155,0.6,5.5,23.9,85.3,68.4,50624,723,93158
19157,0.3,,,,,,,18914
19163,0.4,5.5,22.1,85.5,66.3,51026,682,165224
19167,0.2,3.7,19.6,86.6,73.1,57408,580,33704
19169,0.2,14,20.3,68.3,68.1,49638,718,89542
19175,0.4,,,,,,,12534
19179,0.4,6,21.5,85,62.7,39778,609,35625
19181,0.4,4.1,23.6,84.4,73.1,62066,732,46225
19187,0.3,5.7,24.5,83.7,62.2,40146,522,38013
19193,0.5,6.5,23.5,83.4,68.5,44098,627,102172
19197,0.2,,,,,,,13229
20001,0.5,,,,,,,13371
20003,0.6,,,,,,,8102
20007,0.4,,,,,,,4861
20009,0.4,4.7,26.1,85.4,66.7,45781,573,27674
20011,0.7,,,,,,,15173
20013,0.4,,,,,,,9984
20015,0.5,4.1,29.1,83.6,66.2,55189,711,65880
20021,0.5,3.3,28.8,88.1,61,40533,553,21603
20029,0.4,,,,,,,9533
20031,0.5,,,,,,,8601
20035,0.5,6.8,30.1,77.3,60.8,39756,586,36311
20037,0.5,9.1,23,80,62.1,36125,658,39134
20041,0.4,,,,,,,19754
20045,0.3,13.6,19.5,70.6,70.8,48528,850,110826
20049,0.3,,,,,,,2882
20051,0.3,9.2,24.1,75,75.5,42651,580,28452
20053,0.3,,,,,,,6497
20055,0.8,6.1,19.3,83.7,73.9,47215,657,36776
20057,0.7,5,21.3,86.3,69.9,50021,595,33848
20059,0.5,5.2,24.4,83.7,68,49528,714,25992
20061,0.4,4.9,32.6,75.2,72.4,46000,917,34362
20067,0.6,,,,,,,7829
20069,0.4,,,,,,,6006
20079,0.4,4.8,23.6,84.8,64.4,46899,660,34684
20085,0.6,,,,,,,13462
20087,0.6,,,,,,,19126
20091,0.6,4.5,21.3,85.7,73.4,73021,897,544179
20093,0.5,,,,,,,3977
20095,0.5,,,,,,,7858
20097,0.5,,,,,,,2553
20099,0.5,5.9,24.2,86.9,63.4,39805,558,21607
20103,0.6,3.9,22.1,78.9,61.6,61709,881,76227
20105,0.4,,,,,,,3241
20107,0.6,,,,,,,9656
20109,0.5,,,,,,,2756
20111,0.5,8,23.7,76.1,69.4,40225,562,33690
20113,0.4,4.5,27.1,84.7,67.2,53851,606,29180
20115,0.4,,,,,,,12660
20119,0.3,,,,,,,4575
20121,0.6,4.8,27.9,88.6,67.2,60018,757,32787
20123,0.3,,,,,,,6373
20125,0.5,5.2,26.8,82.6,61.3,39322,565,35471
20127,0.5,,,,,,,5923
20129,0.4,,,,,,,3233
20133,0.3,,,,,,,16512
20139,0.4,,,,,,,16295
20143,0.3,,,,,,,6091
20145,0.3,,,,,,,6973
20149,0.5,3.7,24.9,91.5,70.5,55244,717,21604
20151,0.4,,,,,,,9656
20153,0.4,,,,,,,2519
20155,0.4,4.1,31.4,79.5,62.1,42496,618,64511
20159,0.2,,,,,,,10083
20161,0.3,16,24.5,75.1,68.2,44414,841,71115
20167,0.4,,,,,,,6970
20169,0.4,5.6,25.6,83.1,69.8,45164,651,55606
20171,0.3,,,,,,,4936
20173,0.6,4.9,26,83.1,68.8,48511,701,498365
20175,0.7,5.8,17.5,82.8,69.6,48198,669,22952
20177,0.5,5.1,23.2,82.4,66,46847,692,177934
20191,0.4,4.1,26.6,83.5,64.1,47729,606,24132
20199,0.2,,,,,,,1485
20203,0.3,,,,,,,2234
20205,0.5,,,,,,,9409
20207,0.6,,,,,,,3309
20209,0.8,6.2,23.4,82,66.7,38940,721,157505
21003,0.7,4,20,83.5,59,37291,552,19956
21007,0.4,,,,,,,8249
21009,0.6,2.6,15.8,85.6,60.5,38603,535,42173
21013,0.9,3.1,14.9,91.2,43.1,25209,482,28691
21015,0.7,3.5,23.9,88.3,70.9,65042,848,118811
21017,0.8,,,,,,,19985
21019,0.8,5.7,24.9,87.1,51.1,38933,595,49542
21021,0.6,4.8,19.5,79.2,57.4,39101,635,28432
21029,0.7,4.7,23,87.1,68.1,53748,754,74319
21031,0.9,,,,,,,12690
21033,0.5,,,,,,,12984
21035,0.5,8.4,21.4,79.9,62.7,40304,524,37191
21037,0.7,5,21.4,85,68.2,53080,706,90336
21041,0.6,,,,,,,10811
21047,0.5,3.3,28.6,76.5,62.3,37463,742,73955
21055,0.7,,,,,,,9315
21057,0.7,,,,,,,6856
21059,0.5,4.4,20.4,88,61.2,44858,618,96656
21061,0.8,,,,,,,12161
21067,0.6,8.9,20.5,75.8,69,47785,737,295803
21071,0.8,3.2,19.9,87.4,41.9,27788,551,39451
21073,0.6,5.7,21.9,80.9,60.2,44972,685,49285
21081,0.7,3.6,21.5,88.4,63.1,46813,678,24662
21083,0.5,2.1,19.4,90.4,56.9,36927,557,37121
21085,0.6,4.5,19.2,83,55.3,34020,511,25746
21087,0.6,,,,,,,11258
21093,0.7,4.3,24.4,76.8,65.6,47469,721,105543
21095,0.8,2.9,15.1,91.4,38.4,25718,491,29278
21097,0.7,,,,,,,18846
21099,0.6,,,,,,,18199
21101,0.6,4.3,21.1,83.9,60.3,39947,580,46250
21103,0.9,,,,,,,15416
21107,0.6,4.3,21.4,86.3,58.5,40979,585,46920
21109,0.5,,,,,,,13494
21111,0.7,5.8,22.9,85.6,65.8,45482,707,741096
21113,0.7,5.2,20.5,80.4,65.3,46522,711,48586
21117,0.6,6,22.5,85.3,67.7,52555,724,159720
21121,0.8,2.3,14,86.7,44.2,26047,513,31883
21135,0.6,,,,,,,13870
21137,0.8,4.4,16,87.4,53.8,33164,497,24742
21141,0.6,4.7,17.5,84.4,56.3,35588,549,26835
21145,0.6,4,24.7,86.9,59.7,44910,582,65565
21151,0.6,8.2,21.3,79.9,62.1,40065,612,82916
21161,0.7,,,,,,,17490
21169,0.7,,,,,,,10099
21173,0.6,4.5,20.5,82.6,55.9,35534,602,26499
21177,0.6,3.7,16.6,85.9,49.3,39082,502,31499
21179,0.5,4.5,18.4,87,63.2,41976,671,43437
21183,0.6,4.1,19.7,93.1,53.3,38924,530,23842
21185,0.6,2.6,21.9,87.7,64.4,77659,841,60316
21193,0.9,6.6,15.7,86.2,49.9,31250,521,28712
21203,0.7,,,,,,,17056
21207,0.7,,,,,,,17565
21209,0.7,4.9,22.1,82.5,70.5,60161,706,47173
21211,0.7,4,23,86.6,64.8,54016,763,42074
21217,0.5,4.7,17.8,86.8,58.5,35471,550,24512
21227,0.6,7.5,20.9,76.9,66.2,41184,650,113792
21231,0.6,3.5,18.1,88.3,49.3,27165,465,20813
21235,0.8,5.1,18.6,80.7,50.4,30568,556,35637
21239,0.7,5.5,19.2,90.6,66.9,56407,719,24939
22005,0.7,4.7,22.3,86.7,68.6,66575,821,107215
22015,0.7,4,24.2,83.3,68.6,53096,815,116979
22019,0.7,4.4,21.1,83.2,61.4,42059,724,192768
22023,0.7,,,,,,,6839
22039,0.5,2.6,14.3,90.2,47.5,30925,526,33984
22053,0.6,3.3,20.2,86.7,54.9,39790,565,31594
22059,0.6,,,,,,,14890
22065,0.5,,,,,,,12093
22093,0.8,1.7,18.5,95,60.9,50518,723,22102
23001,0.8,7.1,20.9,84.6,66.2,44518,692,107702
23005,0.7,7.2,18.8,83.5,69.4,58065,927,281674
25001,1,5.6,20.7,90.4,59.2,58751,1124,215888
25003,0.7,5.5,18.8,87.8,62.4,46206,738,131219
25005,1.2,5.6,17.8,89.1,66.4,54221,795,548285
25009,1.2,5.1,17.7,87.7,67.9,66089,1018,743159
25011,0.7,8.6,21,86.6,68.4,52308,824,71372
25013,1,5.9,19,87.3,62.7,49080,777,463490
25015,0.7,9.6,17.3,83.5,65.5,59679,896,158080
25017,1.1,6.4,13.6,86.2,70.1,80150,1260,1503085
25021,1.2,4.6,15,89.1,69.1,82468,1237,670850
25023,1.2,4.5,19,89.8,68.4,72633,1105,494919
25025,1,12.7,14.5,78.7,68,51153,1240,722023
25027,1,5.6,18,88,67.6,63687,895,798552
26001,0.9,,,,,,,10942
26003,0.5,,,,,,,9601
26005,0.5,4.7,22.8,86.4,62.4,49394,725,111408
26007,0.4,4.4,26.6,85.9,57.6,37895,529,29598
26009,0.6,4.4,24.2,92.1,56,43934,701,23580
26011,0.6,,,,,,,15899
26013,0.5,,,,,,,8860
26015,0.6,4.1,25.1,90.5,62,52211,700,59173
26017,0.4,5.1,24,88.5,60.1,45064,633,107771
26019,0.7,,,,,,,17525
26021,0.7,4.3,22.8,87.3,61.1,43303,638,156813
26023,0.6,5,24.4,90.2,54.9,40438,676,45248
26025,0.6,5.3,25.4,85.1,60.5,40771,648,136146
26027,0.7,4,24.3,92.9,59.7,43921,718,52293
26029,0.5,4.4,24.7,89.6,61.1,44756,614,25949
26031,0.7,5.8,22.2,86.6,53.5,37573,566,26152
26033,0.4,6,25.9,82.5,53.3,38996,594,38520
26035,0.6,5.8,25.9,85.9,47.2,31539,572,30926
26037,0.4,7.2,27.5,86.4,64.6,58251,760,75382
26039,0.5,,,,,,,14074
26041,0.4,5.6,23.8,88,58.7,39904,538,37069
26043,0.4,3.2,22.4,88.7,58.4,42468,589,26168
26045,0.5,4.2,27.8,86.2,64.4,53878,746,107759
26047,0.6,4.8,23.4,87,64.3,50000,725,32694
26049,0.6,5,26.9,84.8,57.3,40860,695,425790
26055,0.5,6.3,25.1,86,65.2,50275,821,86986
26057,0.4,5.3,25.3,82.7,53.2,40486,590,42476
26059,0.6,4.8,23.2,87.8,57.5,41260,611,46688
26061,0.3,9.8,19.3,83.9,55.8,35323,595,36628
26063,0.5,4.1,19,90.9,56.8,39925,586,33118
26065,0.5,10.3,24.4,75.6,63.2,43971,755,280895
26067,0.4,4,26.2,85.3,60.1,47392,682,63905
26069,0.6,5.3,26.8,87.3,47.1,34989,579,25887
26071,0.6,,,,,,,11817
26073,0.3,18.1,23.3,66.4,61.5,35536,666,70311
26075,0.6,5.4,28,82.5,58.2,44071,723,160248
26077,0.4,9.3,25.1,78.8,65.5,45453,706,250331
26079,0.6,,,,,,,17153
26081,0.5,6.1,22.5,84,68.9,50940,737,602622
26085,0.8,,,,,,,11539
26087,0.7,3.6,26.1,88.8,60.2,51435,775,88319
26089,0.6,3.5,23.4,91,56.6,53512,788,21708
26091,0.5,4.9,24.8,85,60.1,46608,693,99892
26093,0.7,3.4,26.1,90.3,67.6,71039,899,180967
26097,0.6,,,,,,,11113
26099,0.9,3.6,24.5,88.5,64.5,51971,811,840978
26101,0.6,5.9,24.2,85.2,51.1,39485,649,24733
26103,0.4,7.7,23.1,83,58.2,44528,599,67077
26105,0.5,4.5,26.2,86.2,60.7,41174,652,28705
26107,0.5,9.7,24.6,81.5,56.6,38597,639,42798
26109,0.5,3.6,22.5,89.9,59,40047,521,24029
26111,0.5,4.4,22.3,84.8,60.4,52352,720,83629
26115,0.6,3.8,25.7,88.4,62.8,52227,797,152021
26117,0.5,5.5,24.9,88.7,55.1,39926,670,63342
26119,0.7,,,,,,,9765
26121,0.5,5.3,25.4,83.9,59.5,40158,649,172188
26123,0.6,5.6,23.8,89.9,55.9,42084,672,48460
26125,0.8,4.1,21.5,85.5,66.9,63205,904,1202362
26127,0.6,4.5,22.2,89,55,38289,667,26570
26129,0.5,5.7,23.3,85.5,48,35379,624,21699
26133,0.6,6.4,21.4,86.8,53.8,36879,565,23528
26137,0.6,6.5,25.1,82.6,59.8,47821,662,24164
26139,0.4,5.3,22.2,84.9,68.1,55568,743,263801
26141,0.6,,,,,,,13376
26143,0.7,6.4,25,86.4,41.4,33743,657,24449
26145,0.5,5.1,23.9,86.6,58.3,41793,703,200169
26147,0.7,5,26.6,85.4,60.9,46055,709,163040
26149,0.6,4.6,23.2,91.4,59.9,42677,629,61295
26151,0.6,4.8,21.1,92,56.7,40034,611,43114
26153,0.4,,,,,,,8485
26155,0.6,4.9,27,86.5,60.3,46717,653,70648
26157,0.5,4.3,23.4,86.9,57.8,43247,643,55729
26159,0.6,5.3,24.7,90.4,60.6,45077,646,76258
26161,0.6,9.9,20,76.6,65.6,57548,893,344791
26163,0.9,5,25,85.4,58.7,40123,781,1820584
26165,0.7,4.3,23.2,84.5,58.4,38608,649,32735
28047,0.8,5.6,25.9,79.1,65.3,41283,838,187105
29047,0.6,4.9,25.9,84.7,71.5,59095,794,221939
29095,0.7,6.5,24.1,83.2,66.7,45577,783,674158
29097,0.5,7,22.6,82.9,65.2,38861,637,117404
29105,0.6,5.3,19.9,83.8,60.2,40391,584,35571
29117,0.4,,,,,,,15195
29183,0.7,3.7,23.4,89.2,71.8,68935,855,360485
30001,0.4,,,,,,,9246
30003,0.6,,,,,,,12865
30005,0.4,,,,,,,6491
30009,0.5,,,,,,,10078
30013,0.5,4.8,27,81.5,63.4,44116,616,81327
30015,0.5,,,,,,,5813
30017,0.5,,,,,,,11699
30027,0.5,,,,,,,11586
30029,0.6,5.7,24.8,90.8,64.7,44734,749,90928
30031,0.3,10.5,23.7,75.1,71.2,51911,823,89513
30035,0.4,,,,,,,13399
30041,0.4,,,,,,,16096
30043,0.4,,,,,,,11406
30047,0.6,5.9,26.5,83,58.6,36138,596,28746
30049,0.5,6.1,24.8,84.7,68.3,54139,692,63395
30053,0.6,,,,,,,19687
30057,0.4,,,,,,,7691
30063,0.4,10.4,23.3,76.9,70.2,45054,743,109299
30065,0.6,,,,,,,4538
30067,0.5,,,,,,,15636
30071,0.5,,,,,,,4253
30077,0.3,,,,,,,7027
30081,0.7,4,26.7,85.4,57.6,38110,662,40212
30085,0.3,,,,,,,10425
30087,0.4,,,,,,,9233
30089,0.6,,,,,,,11413
30095,0.4,,,,,,,9117
30099,0.5,,,,,,,6073
30105,0.6,,,,,,,7369
30111,0.5,6.1,25.9,83.7,68.5,50000,696,147972
31001,0.4,6.7,26.1,80.5,68.6,45879,609,31364
31025,0.4,3.6,27.2,91.1,69,61515,722,25241
31031,0.4,,,,,,,5713
31053,0.4,5.1,21.5,83.9,68.7,44454,644,36691
31055,0.5,6.6,24.1,81.9,72.2,52428,780,517110
31067,0.3,4.7,21.2,89.4,66,48338,552,22311
31081,0.3,,,,,,,9124
31101,0.4,,,,,,,8368
31111,0.4,3.9,28.1,86.4,66.5,47633,572,36288
31119,0.3,4.2,23,83.1,70.4,45904,602,34876
31121,0.4,,,,,,,7845
31125,0.4,,,,,,,3735
31127,0.2,,,,,,,7248
31141,0.3,4,28,88.5,74.4,53582,606,32237
31153,0.5,3.7,26.1,82.8,76.4,67694,843,158840
31177,0.3,2.6,21.8,91.1,69.5,71505,703,20234
33001,0.9,5.1,20.2,89.4,65.7,58047,889,60088
33003,0.7,4.7,20.4,88.8,60.7,50335,905,47818
33005,0.8,8.2,18.6,83.4,67.4,54921,943,77117
33007,0.8,5.9,19.1,86.4,59.1,39246,650,33055
33009,0.6,7.2,17.1,84.5,63.5,52839,892,89118
33011,0.9,5.9,18.4,86.4,71.7,69395,1028,400721
33013,0.8,6.7,19.4,86.6,67.7,63357,899,146445
33015,1,5,18.7,89.7,72.7,77813,1062,295223
33017,0.7,8.7,19.3,79.1,69.1,55196,943,123143
33019,0.8,5.8,18.8,87.6,66.3,55173,860,43742
38015,0.3,5.9,21.6,83.6,72.5,60214,663,81308
38017,0.3,8.5,25.1,77.1,77.4,52416,657,149778
38035,0.3,9.9,24.2,77.1,71.4,44707,671,66861
38041,0.6,,,,,,,2477
38049,0.5,,,,,,,5395
38059,0.3,5.1,23.2,85.3,73.7,56241,678,27471
38061,0.4,,,,,,,7673
38063,0.5,,,,,,,3126
38067,0.3,,,,,,,7413
38077,0.3,,,,,,,16321
38079,0.4,,,,,,,13937
38081,0.4,,,,,,,3829
38093,0.3,4.9,17.3,86.2,66.9,48881,543,21100
38101,0.3,6.4,27,77.5,73,54324,688,61675
38105,0.4,7.4,26.9,78.3,71,76206,669,22398
39001,0.6,3.8,16.6,87.7,55.3,33893,530,28550
39005,0.6,4.1,15.5,86.2,63,43368,659,53139
39009,0.4,15.7,18.8,69.2,54.6,34705,675,64757
39013,0.9,3.8,19,89.2,56.8,42254,520,70400
39015,0.7,4.9,15.6,88.8,58.6,43439,666,44846
39017,0.7,5.6,20.2,85,66.5,55895,789,368130
39021,0.5,4.2,20.2,84.2,62.1,47947,660,40097
39023,0.7,6.2,23.3,85.1,59.7,41235,658,138333
39025,0.7,4.6,18.9,89.5,66.4,56530,759,197363
39027,0.7,5.6,21.4,85.1,62.9,42269,668,42040
39029,0.7,4.7,17.9,87,59.4,41930,583,107841
39031,0.6,4.8,17,88.1,58,41125,571,36901
39035,0.9,4.8,22.3,85.3,63.5,42500,722,1280122
39039,0.5,5.6,21.4,85.4,64.6,46467,637,39037
39041,0.6,3,18.2,88.3,70.7,87890,858,174214
39043,0.6,4.8,20.9,86.3,63.3,45870,686,77079
39045,0.6,4.2,21.4,85.1,66.2,60375,773,146156
39047,0.6,6.5,18,84.8,61.5,37753,698,29030
39049,0.6,8.2,21,80,69.3,49670,800,1163414
39051,0.5,3.6,21.6,88.3,67.2,51644,671,42698
39053,0.6,4.8,18.9,88.4,52.6,37830,584,30934
39057,0.6,5,21.2,86.2,62.7,55153,825,161573
39059,0.7,4.6,20.1,87.9,58.1,38102,576,40087
39061,0.6,6.2,20.5,83.3,66,47643,692,802374
39063,0.4,6.3,21.2,84.2,67.8,49400,659,74782
39065,0.4,5.3,15.9,84.2,60.3,41367,628,32058
39069,0.4,3.9,20.1,89.8,65,48576,669,28215
39071,0.7,5,20.2,84.3,58.3,38198,611,43589
39073,0.6,5.1,18.3,88.3,58,40981,555,29380
39081,0.8,4.3,18.3,90.6,55.2,41095,600,69709
39087,0.7,4.3,18.3,87.7,53.4,40232,620,62450
39089,0.6,4.9,21.6,86.6,66.7,53984,728,166492
39091,0.5,5.2,16.2,86.6,61.7,44853,676,45858
39093,0.7,4.5,23.1,86.1,63.3,50230,726,301356
39095,0.6,6.2,23.8,83.2,63.8,40416,646,441815
39097,0.5,4.3,21.7,85.8,58.9,55121,736,43435
39099,1,4.5,21.7,89,59.2,40005,619,238823
39101,0.6,5.8,22.1,80.8,53.4,41222,688,66501
39103,0.8,3.8,22.4,89.8,68.3,63609,813,172332
39109,0.6,4.9,20.7,85.1,65.1,50594,700,102506
39111,0.6,,,,,,,14642
39113,0.7,5.3,24.9,82.3,61.6,42100,710,535153
39117,0.8,4.2,21.1,89.5,63.7,51623,698,34827
39119,0.6,6.4,20.2,86.2,61,39829,622,86074
39125,0.4,,,,,,,19614
39129,0.6,5.7,18.5,84,58.7,54294,722,55698
39131,0.6,4.7,14.4,85.4,54,35939,652,28709
39133,0.7,7.8,20.3,83.2,67,51201,775,161419
39135,0.7,4.2,21.7,86.8,64.3,47757,713,42270
39139,0.6,4.8,21.4,85.3,57.7,41697,614,124475
39141,0.6,5.6,19.3,86,55.4,43089,648,78064
39145,0.7,6,21.7,87.6,50,35269,547,79499
39149,0.5,5,17.9,89,65.2,51145,685,49423
39151,0.7,4.6,21.3,87.4,63.5,44333,662,375586
39153,0.7,5.5,20.6,88.8,64.9,48252,730,541781
39155,0.9,3.9,19.2,88.8,56.7,41671,612,210312
39157,0.6,3.9,16.6,89.3,63,42636,627,92582
39159,0.5,3.7,21.2,84.8,65,62622,757,52300
39165,0.7,3.4,18.2,87.8,68.1,71134,895,212693
39169,0.6,4,16.3,87.2,64.5,47795,657,114520
39171,0.5,5.1,20.5,82.2,61.8,40593,600,37642
39173,0.4,8.5,23,79.7,67.1,50284,706,125488
40001,0.6,3.7,20.3,92.7,54.9,33900,514,22683
40003,0.3,,,,,,,5642
40011,0.4,,,,,,,11943
40013,0.7,6.1,22.3,80.6,61.2,37663,637,42416
40017,0.6,4.2,29,84.6,68.3,60978,805,115541
40037,0.8,4.4,24.7,88.9,58.5,41962,643,69967
40057,0.8,,,,,,,2922
40067,0.9,,,,,,,6472
40071,0.4,5.3,24.4,80.2,61,40097,597,46562
40073,0.5,,,,,,,15034
40075,0.5,,,,,,,9446
40077,0.6,,,,,,,11154
40079,0.7,5.4,22.6,87.2,52.4,34650,549,50384
40081,0.7,3,24.5,88.5,59,40915,551,34273
40083,0.6,3.3,25.9,84.2,60.7,53032,643,41848
40087,0.6,3.1,25.2,87.5,63,53638,673,34506
40093,0.3,,,,,,,7527
40095,0.6,,,,,,,15840
40101,0.7,4.4,24,84.8,54.8,38156,613,70990
40103,0.6,,,,,,,11561
40107,0.6,,,,,,,12191
40109,0.7,6.1,24.8,79.8,65.8,44271,744,718633
40111,0.7,5.2,24.2,81.5,54.9,37617,591,40069
40117,0.6,,,,,,,16577
40121,0.7,4.7,23.8,84.5,53.5,40689,655,45837
40125,0.7,4.9,25,85.5,58.4,41584,656,69442
40127,0.7,,,,,,,11572
40135,0.7,4.8,21.1,83.9,55.8,38020,616,42391
40137,0.6,4,24.3,80,58.3,43790,620,45048
40139,0.5,5.8,19.5,83,70.2,46805,632,20640
40141,0.7,,,,,,,7992
40143,0.6,5.6,24.2,82.1,67,46893,736,603403
40149,0.4,,,,,,,11629
40153,0.4,5.8,24.7,87.2,63.8,51162,620,20081
41003,0.5,13.2,22.2,81,59.3,46238,790,85579
41017,0.7,6.6,29.8,80.2,62.4,47265,906,157733
41019,0.9,6.2,30.2,82.2,52,38974,755,107667
41029,0.8,7.8,29.2,81.1,60,42424,854,203206
41041,0.9,6,28.1,83.7,56.8,42342,809,46034
41043,0.8,7.2,31.4,86,57.7,44296,766,116672
41047,0.7,6.3,27,81.3,62.5,45405,780,315335
41049,0.9,,,,,,,11173
41053,0.7,6.6,26.7,80.7,59.4,50178,786,75403
41059,0.7,5.9,28,81.1,62.3,46305,658,75889
41061,0.6,6.4,26.6,83,55.7,41462,638,25748
41071,0.8,7.5,24.8,84.4,62.8,51055,862,99193
44001,1,4.2,15.6,88.3,65.2,66288,893,49875
44003,1.1,5.4,19.7,90.3,69,59707,968,166158
44005,0.7,5.8,17.9,85.3,67.4,70723,1113,82888
44007,1.2,7.5,18.5,85.4,64.8,48225,857,626667
45001,0.9,4.1,21,89.7,53.4,35335,549,25417
45003,0.8,3.6,22.1,86.9,57.1,43555,708,160099
45005,0.8,,,,,,,10419
45007,0.9,3.8,20.4,86.4,58.7,40044,658,187126
45009,0.9,,,,,,,15987
45011,0.8,5.2,20.9,91.9,56.5,35189,640,22621
45013,0.7,5,20.5,81.2,58.5,56369,995,162233
45015,0.8,4.3,24.4,82.5,65.9,50680,952,177843
45017,0.8,,,,,,,15175
45019,0.7,8.5,20.3,79.5,65.7,49914,940,350209
45021,0.9,4.3,17.9,84.7,57.1,33030,641,55342
45023,0.9,4.5,18.1,92.3,55.9,31867,590,33140
45025,0.7,4.9,16.1,90.8,56.2,30979,606,46734
45027,1,4.6,20.1,88.8,50.4,32331,598,34971
45029,0.9,3.4,19.1,93.6,54.3,30357,693,38892
45031,0.9,2.6,19.2,87.9,57.2,35225,587,68681
45033,1,5.5,18.5,88,53.1,26063,548,32062
45035,0.8,3.5,24.8,83.3,66.6,52177,955,136555
45037,0.8,2.1,19.1,87.3,51.4,44651,560,26985
45041,0.9,4.7,20.5,85.4,61.6,41147,655,136885
45043,0.9,4.4,20.5,88.9,51.9,38985,790,60158
45045,0.7,4.3,20.4,84.2,64.3,48076,740,451225
45047,0.7,4.6,17.1,83.4,58.3,35165,656,69661
45049,0.8,4,18.2,88.4,56.3,35734,631,21090
45051,0.9,7.4,22.7,82.6,60.8,40655,822,269291
45053,0.9,5.8,17.4,81.9,65.8,35741,754,24777
45055,0.8,4.4,22.4,84.4,61,41343,681,61697
45057,0.8,3.9,22.4,87.2,56.8,41845,611,76652
45059,0.8,3.7,19.5,88.2,58.1,36887,673,66537
45061,0.8,,,,,,,19220
45063,0.7,5.1,22.4,85.1,67.5,52911,803,262391
45067,1.1,3.4,17.4,93.1,55.1,28171,523,33062
45069,0.9,4.1,17.6,89.3,46.8,27648,562,28933
45073,0.7,6.5,19,82.7,53.9,42254,680,74273
45075,0.9,3.5,17.2,89.9,54.3,32687,666,92501
45077,0.7,7.3,19.3,81,57.7,40244,690,119224
45079,0.6,7.2,22.6,77.8,67.5,47147,833,384504
45081,0.9,,,,,,,19875
45083,0.8,4.2,20,84.4,61.6,42243,679,284307
45085,0.8,4,23.9,86.3,60.2,40280,710,107456
45087,0.9,3.7,18.6,87.9,54.8,33186,601,28961
45089,0.9,3.8,17.3,93.1,45.6,25169,575,34423
45091,0.8,3.6,20.9,86,67.3,51542,782,226073
46009,0.3,,,,,,,7070
46013,0.3,5.1,21.5,84.2,71.6,51047,558,36531
46023,0.4,,,,,,,9129
46029,0.3,6,21,86.9,72,46720,579,27227
46033,0.5,,,,,,,8216
46057,0.3,,,,,,,5903
46065,0.3,,,,,,,17022
46071,0.7,,,,,,,3031
46081,0.4,5.5,23.5,83.1,65.9,44042,576,24097
46083,0.3,4.3,19.1,86.3,77.1,74288,834,44828
46099,0.4,6.1,20.9,83.8,74,50604,691,169468
46103,0.4,6.9,25.9,80.2,69.2,49637,753,100948
46105,0.6,,,,,,,2982
46125,0.3,,,,,,,8347
47001,0.8,3.5,21.9,84.5,57.1,42304,665,75129
47003,0.9,4.4,17.7,87.4,59.3,40203,636,45058
47007,0.9,,,,,,,12876
47009,0.9,3.7,22.3,84.7,60,45204,715,123010
47011,0.8,5.4,22.9,82.9,60.1,38823,690,98963
47013,0.9,3.6,15.9,86.2,46.9,30555,538,40716
47017,0.8,3,18.4,89.2,53.7,35073,520,28522
47019,0.8,4.9,20.1,86.4,55.2,32847,525,57424
47021,0.9,4.9,19.6,89.1,65,49703,893,39105
47023,0.7,,,,,,,17131
47025,0.8,3.5,13,88.2,49.4,32525,517,32213
47027,0.7,,,,,,,7861
47029,0.8,3.9,15.2,84,53.8,28509,527,35662
47031,0.8,4.4,17.3,85.7,58,34885,635,52796
47033,0.7,,,,,,,14586
47035,0.9,4.7,19.5,87.7,46.5,36957,591,56053
47041,0.8,,,,,,,18723
47043,0.8,4.2,20.8,86.8,61.1,43448,744,49666
47045,0.7,3.8,17.5,83.4,58.7,36931,613,38335
47051,0.8,3.8,20.3,87.7,55,41548,587,41052
47053,0.8,3.5,24.3,87.4,57.9,36493,573,49683
47055,0.8,4.2,18.8,89.8,56.8,37027,550,29485
47059,0.9,3.9,17.9,87.2,54.5,34797,566,68831
47063,0.8,4.1,18,86.6,58.8,37293,638,62544
47065,0.9,4.9,24.3,83.8,63.4,46068,731,336463
47069,0.7,2.3,18.9,92.1,46.4,27641,520,27253
47071,0.9,3.3,17.2,88.7,52.3,31035,484,26026
47075,0.8,,,,,,,18787
47077,0.6,3.7,20.8,91.1,57.1,36387,578,27769
47079,0.7,4.2,19.4,83.2,55.5,37398,588,32330
47081,0.7,5.1,17,88,54.3,40166,624,24690
47089,0.8,6.7,21,84.8,60.2,38872,618,51407
47091,0.8,,,,,,,18244
47093,0.7,5.4,20.7,86.5,64.3,45761,757,432226
47095,0.5,,,,,,,7832
47097,0.7,3.8,15.7,78.3,49.4,31465,610,27815
47099,0.6,3.3,17.8,89.6,59.8,36607,586,41869
47101,0.9,,,,,,,12161
47103,0.8,4.2,21.3,87.3,59.6,40981,612,33361
47105,0.8,2.8,20.3,87.7,55,47096,682,48556
47107,0.8,3.7,18.6,84.4,54.4,38585,567,52266
47109,0.7,4.3,18.4,94.2,51.1,30926,532,26075
47111,0.6,4.7,16.6,85.2,59.5,34515,534,22248
47113,0.7,4,21.8,87.2,60.6,41317,721,98294
47119,0.8,4.4,22.7,85.3,64,43967,667,80956
47125,0.6,5.7,26.8,74.8,66.4,48605,827,172331
47127,0.7,,,,,,,6362
47129,0.7,4.3,17.3,84.1,43.4,36979,572,21987
47131,0.7,3.7,20.2,86.4,56.2,40113,577,31807
47133,0.7,2.5,17.4,89.7,52.8,32310,553,22083
47141,0.6,5.8,19,84.2,56.6,33539,571,72321
47145,0.8,3.5,20.9,89.5,53.5,42357,663,54181
47147,0.9,3.9,22.1,87.9,65.3,52578,805,66283
47149,0.7,6.8,24.1,82.5,70.2,53675,848,262604
47151,0.7,5.7,13.5,88.3,50.7,29302,530,22228
47153,0.8,,,,,,,14112
47155,0.9,5.4,22.9,83.5,65.8,42883,702,89889
47157,0.9,5.3,23.8,82.7,65.5,45488,837,927644
47159,0.7,,,,,,,19166
47163,0.8,4.1,21.1,85.4,56.4,38899,594,156823
47165,0.8,4.2,23.9,84.3,65.1,52996,820,160645
47167,0.8,3.4,25.4,85,63.8,51213,672,61081
47171,0.7,,,,,,,18313
47177,0.7,3.5,15.9,90.4,54.7,31122,556,39839
47179,0.7,5.7,21.8,84.3,59.3,42937,668,122979
47183,0.5,6,20.2,78.4,59.1,35164,561,35021
47185,0.8,4.3,13.8,86.4,55.7,33913,561,25841
47187,0.7,2.5,18.5,87.5,68.9,87959,1061,183182
47189,0.8,3.8,20.6,86.5,64.7,58983,844,113993
48027,0.6,5.5,28.7,76.5,66.1,49643,850,310235
48039,1,3.7,24.2,87.1,65.1,65308,861,313166
48057,0.8,3.3,23.3,84.9,60.9,45430,712,21381
48085,1,3.9,21.1,86,72.5,82296,1028,782341
48113,0.9,5.4,20.2,82.8,68.5,48509,864,2368139
48121,0.8,5.5,25,80.8,74.6,71857,917,662614
48167,1,5,23.9,82.6,66.1,60597,887,291309
48183,0.7,5,26.5,80.9,62.3,43021,759,121730
48187,0.9,3.5,23.4,87.3,68.3,61822,832,131533
48201,1,5.2,21.1,82,68.3,51902,863,4092459
48251,0.9,4.7,27,86,64.2,56579,851,150934
48299,0.8,,,,,,,19301
48303,0.6,8.2,25.2,75,67,43632,783,278831
48309,0.7,6.7,23.3,80.1,61.6,40894,749,234906
48339,0.9,5,24.5,83.5,66,65717,939,455746
48353,0.6,,,,,,,15216
48373,0.9,4.1,25.5,84.9,47,38350,627,45413
48375,0.7,5.6,26.2,79.5,62.2,35819,688,121073
48401,0.8,4.2,27.7,81.5,55.6,45822,643,53330
48409,0.8,4,26.3,83.1,61.6,50426,804,64804
48423,0.8,4.8,25.7,79.7,63,45131,812,209714
48439,0.9,4.8,24.6,82.5,69.5,55222,867,1809034
48451,0.7,5.6,22.7,74.1,64.5,43390,687,110224
48457,0.7,5.1,25.2,89,47,38767,583,21766
48469,0.7,4.6,25.5,82.2,64.6,49183,712,86793
49007,0.4,4.6,31.4,84.7,62,45897,572,21403
49011,0.5,2.8,28.1,86.1,69.6,68683,858,306479
49013,0.4,,,,,,,18607
49019,0.5,,,,,,,9225
49035,0.7,6.1,26.1,82.4,71.5,58732,878,1029655
49045,0.6,2.9,31,85.3,68.4,61970,869,58218
49047,0.5,4.3,26.1,84.2,66.7,60120,898,32588
49049,0.5,6.1,29.1,77.9,67.8,58675,843,516564
49051,0.4,3.1,29.7,85.1,69.1,62716,945,23530
49053,0.7,4.3,29.9,82.4,58,46936,935,138115
49057,0.5,5.2,27.9,85,68,54334,782,231236
50003,0.8,5.9,19.3,87.7,64.7,51223,844,37125
50005,0.6,6.3,18,87.6,65,42487,659,31227
50007,0.5,10.1,15.4,80.3,71.1,62204,991,156545
50011,0.5,5.9,19.1,89.3,70.4,53910,863,47746
50013,0.8,,,,,,,6970
50017,0.7,6.3,16.5,91.9,68.2,52141,809,28936
50019,0.7,7,17.3,87.4,59.3,39802,670,27231
50021,0.7,6.8,18,86.3,65.1,48533,802,61642
50025,0.6,6.9,18.6,88.2,66.6,50220,802,44513
50027,0.7,5.9,17.3,87.6,65.2,51812,823,56670
51003,0.7,5.7,15.7,82.5,60.3,67159,1083,98970
51005,0.7,,,,,,,16250
51009,0.9,4.5,20.4,90.2,61.3,43463,647,32353
51013,0.6,13.6,8.8,77.6,79.4,101319,1701,207627
51015,0.9,3.2,16.1,92.4,59.4,49784,763,73750
51019,0.8,4.1,21,92.2,63.1,56611,738,68676
51023,0.9,2,20.3,93.6,63.8,65417,710,33148
51027,0.7,4,19.5,93.4,44,30226,608,24098
51029,1,,,,,,,17146
51033,1.1,5.7,21.8,85.2,66.1,54553,958,28545
51035,0.7,2.8,19.8,91.7,56.5,31281,510,30042
51041,0.9,4.7,22.2,88.5,68.6,71492,1055,316236
51043,1,,,,,,,14034
51047,1.1,5,20.3,87.9,64,61297,978,46689
51057,1,,,,,,,11151
51059,1.2,5.7,14.7,86.2,73.3,107923,1631,1081726
51061,1.1,3.8,22.8,89.6,69.1,90657,1119,65203
51067,0.8,4.1,21.8,85.7,56.9,42175,626,56159
51069,1,5.7,20.9,88.1,66.6,68795,1055,78305
51071,0.9,,,,,,,17286
51073,0.9,4.2,27,89,62.9,59927,841,36858
51083,1,2.6,20.8,89.9,54,34819,557,36241
51085,1,2.6,20.8,90.3,67.1,73664,961,99863
51087,0.9,5.3,21.1,82.5,70.1,59739,989,306935
51089,0.8,3.1,20.7,88,55.6,32914,576,54151
51093,1,2.9,21.4,91.3,67,66781,988,35270
51095,0.8,4.9,17.9,90.3,59.6,76569,1159,67009
51097,1.2,,,,,,,6945
51099,0.9,3.7,21.1,86.9,70.8,88382,1100,23584
51101,1,,,,,,,15935
51105,0.7,4.5,24.2,89.5,43.6,31050,475,25587
51107,1.1,4.8,15.9,88.7,76.8,121621,1612,312311
51109,1,5.2,17.8,91.5,63,54649,949,33153
51113,1.3,,,,,,,13308
51115,1,,,,,,,8978
51117,0.9,4.9,21.4,91.5,49.4,34524,632,32727
51121,0.5,16.1,16.9,71.4,59.3,43247,810,94392
51127,1,,,,,,,18429
51131,1.1,,,,,,,12389
51133,1.1,,,,,,,12330
51139,1,5.6,17.1,89.5,58.6,41834,698,24042
51141,0.9,,,,,,,18490
51143,0.9,3.5,20.8,91.1,58.7,41730,592,63506
51147,0.8,7.1,18,81.6,46,36904,761,23368
51149,0.8,1.9,23.9,80.2,56.3,56898,1178,35725
51153,1.1,5.3,22.5,85.9,75.2,95427,1467,402002
51155,0.8,4.8,21.6,89.3,57.8,42981,597,34872
51161,0.8,2.8,22.3,88.1,64.7,60155,820,92376
51163,0.8,3.5,19.6,91.3,53.9,46104,692,22307
51165,0.7,3.9,15.1,89.4,64.2,51099,786,76314
51167,0.6,3.8,18.7,92.1,48.5,32797,502,28897
51169,0.8,2.7,18.5,90.3,51.2,34484,477,23177
51171,0.9,6.1,16.2,84.9,61.4,47968,810,41993
51173,0.8,4.4,18.1,86.3,55,35540,540,32208
51175,1,,,,,,,18570
51177,1,4.5,21.8,87.1,69,78089,1303,122397
51179,1,3.6,23.5,85.1,71.6,97136,1399,128961
51183,0.9,,,,,,,12087
51185,0.8,3.8,22.1,89.3,48.2,33810,547,45078
51187,1,4.8,20.4,87.9,68.5,59644,953,37575
51191,0.7,3.6,18.9,87.1,57.8,41193,619,54876
51195,0.7,6.2,20.4,87.1,47.6,34414,605,41452
51197,0.8,4.1,21.3,91.9,61.4,37468,611,29235
51199,0.9,2,21.5,84.8,66.1,78920,1324,65464
53003,0.6,5,27.8,82.4,55.1,41402,661,21623
53005,0.7,5.3,25.4,84.5,64.1,61244,782,175177
53007,0.7,5.5,22.4,89.3,62.6,49670,751,72453
53009,0.7,7.6,29,84.9,50.2,45776,817,71404
53011,0.8,6.4,28.7,83.4,64.6,56696,923,425363
53015,0.7,6.5,30.6,82.8,56.3,44749,725,102410
53021,0.7,5.8,21.7,83.6,65.2,55291,714,78163
53025,0.7,4.9,23.6,85.2,64.3,42904,648,89120
53029,0.7,4.7,29.1,83.6,60.9,58876,1035,78506
53033,0.8,8.4,20.6,81.4,69.7,69346,1096,1931249
53035,0.7,6.5,30,82.5,63.1,59684,1001,251133
53041,0.7,6.6,28.2,83.1,55.4,42192,742,75455
53045,0.8,8.2,31.4,87.8,52.5,45374,853,60699
53053,0.7,6.3,27.2,81.8,65.9,57837,987,795225
53061,0.8,6.8,27,83.1,68.5,66377,1076,713335
53065,0.7,5.7,28.6,87.3,51.8,40668,654,43531
53067,0.7,6.2,28.3,81.4,64.6,61741,996,252264
53073,0.6,9.1,25.4,81.9,63.8,52034,889,201140
53077,0.8,5.9,21.7,84.2,62.1,43480,742,243231
54003,0.8,6.4,21.9,84.5,65.9,52631,800,104169
54007,0.7,,,,,,,14523
54011,0.7,6.3,18.7,81.3,56,37707,619,96319
54019,0.8,5.3,18.4,90.6,45.7,32465,560,46039
54027,0.8,3.2,12,91.8,52.2,26018,493,23964
54031,0.5,,,,,,,14025
54033,0.8,4.7,19.8,89.5,55.6,40353,608,69099
54035,0.6,4.9,20.4,89.3,51.8,40007,550,29211
54037,1,5.5,19.3,85.4,66.8,63563,838,53498
54039,0.8,4.8,18.9,87.4,60.1,44972,667,193063
54043,0.8,3.2,18.8,92.7,44.1,33960,548,21720
54045,0.9,4.4,19.5,87.8,44.2,35222,540,36743
54049,0.7,5,20.8,91.6,57.8,41238,640,56418
54051,0.7,5.4,18.2,89.9,54.4,39895,498,33107
54053,0.6,5.1,19.5,89.6,47.3,38737,504,27324
54055,0.8,4.4,19.1,89,49.2,35124,548,62264
54057,0.8,4,14.5,90.9,52.8,28702,514,28212
54059,0.5,5.6,15.7,89.1,43.9,37133,514,26839
54061,0.5,13.7,16.8,80.1,59.6,42698,704,96189
54063,0.9,,,,,,,13502
54067,0.6,3.1,15.9,88.9,50.5,38098,522,26233
54069,0.8,4.6,20.8,87.3,60.5,39379,537,44443
54073,0.6,,,,,,,7605
54077,0.7,5.5,18.6,85.1,54.9,45327,547,33520
54079,0.7,5.1,19.1,94.6,60.1,53661,699,55486
54081,0.8,4.9,18.9,86.4,49.2,39757,620,78859
54083,0.7,2.3,12,90.5,51.9,38288,538,29405
54087,0.7,,,,,,,14926
54097,0.6,5.6,15.3,85.8,50.9,40229,535,24254
54099,0.7,4.4,18,93.9,48.2,34638,543,42481
54105,0.6,,,,,,,5717
54107,0.6,6,25.2,89.4,58.3,41026,586,86956
55005,0.5,5.6,19.3,86.9,64.8,44276,599,45870
55009,0.4,5.6,20.7,85.8,70,51975,682,248007
55015,0.4,3.1,16.7,93.2,71.2,64802,652,48971
55021,0.5,5.7,23.8,87,70.2,56892,723,56833
55025,0.4,9.1,18.6,79.6,73.3,61125,880,488073
55039,0.5,4.9,20.5,86.9,70,52999,676,101633
55063,0.4,8.8,20.9,81.3,69.1,49286,719,114638
55071,0.5,3.9,20.3,93.3,66.9,48114,589,81442
55079,0.6,7.2,21.9,81.1,66.3,42097,777,947735
55085,0.6,4.3,26.7,89,59.1,41677,686,35998
55087,0.4,4.4,20.2,88.9,71.2,57104,703,176695
55093,0.3,8.6,25.1,82.9,71.2,57586,752,41019
55099,0.6,,,,,,,14159
55109,0.4,4.2,21.2,87.5,74.3,67098,860,84345
55113,0.7,,,,,,,16557
